t,count,max,mean,min,stddev,p50,p75,p95,p98,p99,p999,mean_rate,m1_rate,m5_rate,m15_rate,rate_unit,duration_unit
1480392859,616,58.440461,8.040469,3.961765,4.163297,7.323638,8.705807,12.796794,16.910963,18.091452,58.440461,123.260294,0.000000,0.000000,0.000000,calls/second,milliseconds
1480392864,1615,48.528405,6.067097,2.420492,3.301762,5.433483,6.951642,10.438106,13.093970,16.377714,38.986261,161.547374,123.200000,123.200000,123.200000,calls/second,milliseconds
