t,count,max,mean,min,stddev,p50,p75,p95,p98,p99,p999,mean_rate,m1_rate,m5_rate,m15_rate,rate_unit,duration_unit
1480392859,623,49.946343,7.939253,3.767337,4.126631,7.167637,8.861761,13.092624,15.972412,25.362781,49.946343,124.660229,0.000000,0.000000,0.000000,calls/second,milliseconds
1480392864,1668,49.946343,5.877464,2.350764,3.488714,5.205913,6.629422,10.511565,12.435580,15.972412,47.884540,166.848960,124.600000,124.600000,124.600000,calls/second,milliseconds
