t,count,max,mean,min,stddev,p50,p75,p95,p98,p99,p999,mean_rate,m1_rate,m5_rate,m15_rate,rate_unit,duration_unit
1480392859,611,57.712398,8.106962,3.755538,3.919775,7.373917,8.905535,12.803374,16.073716,26.051989,57.712398,122.262256,0.000000,0.000000,0.000000,calls/second,milliseconds
1480392864,1594,57.712398,6.184247,2.240980,3.624429,5.463851,6.958984,10.569078,13.123719,19.261356,46.892407,159.437075,122.200000,122.200000,122.200000,calls/second,milliseconds
