t,count,max,mean,min,stddev,p50,p75,p95,p98,p99,p999,mean_rate,m1_rate,m5_rate,m15_rate,rate_unit,duration_unit
1480392859,635,49.278043,7.782817,4.242010,3.700176,7.151993,8.473185,12.359820,14.786725,19.244167,49.278043,127.064066,0.000000,0.000000,0.000000,calls/second,milliseconds
1480392864,1673,44.748562,5.744029,2.574116,3.079434,4.930086,6.526311,10.059086,12.659409,17.224176,38.567841,167.346902,127.000000,127.000000,127.000000,calls/second,milliseconds
