t,count,max,mean,min,stddev,p50,p75,p95,p98,p99,p999,mean_rate,m1_rate,m5_rate,m15_rate,rate_unit,duration_unit
1480392859,633,52.468413,7.807045,3.703047,4.064452,7.164028,8.664786,12.153039,15.024410,21.407342,52.468413,126.658924,0.000000,0.000000,0.000000,calls/second,milliseconds
1480392864,1689,49.180815,5.705910,2.114335,3.072770,5.021309,6.461668,9.864936,12.336585,17.589003,32.337907,168.949861,126.600000,126.600000,126.600000,calls/second,milliseconds
